<?xml version="1.0" encoding="UTF-8"?>
<!DOCTYPE mapper PUBLIC "-//mybatis.org//DTD Mapper 3.0//EN" "http://mybatis.org/dtd/mybatis-3-mapper.dtd">
<mapper namespace="com.example.springboot.mapper.CommentMapper">
    <select id="selectAll" resultType="com.example.springboot.entity.Comment">
        select comment.*, sys_user.avatar_url as userAvatar , sys_user.username as user
        from comment
        left join course on comment.course_id = course.id
        left join sys_user on comment.user_id = sys_user.id
        <where>
            <if test="id != null"> and id= #{id}</if>
            <if test="content != null"> and content like concat('%', #{content}, '%')</if>
            <if test="userId != null"> and user_id= #{userId}</if>
            <if test="courseId != null"> and comment.course_id= #{courseId}</if>
            <if test="time != null"> and time= #{time}</if>
            <if test="parentId != null"> and parent_id= #{parentId}</if>
        </where>
        order by id asc
    </select>
</mapper>
